"교육청","소재구","학교명","홈페이지 주소","설립","고등학교 유형","남녀","주야","우편번호","주소","전화번호","1학년 학급수","2학년 학급수","3학년 학급수","특수 학급수","1학년 학생수 계","1학년 여학생 수","2학년 학생수 계","2학년 여학생 수","3학년 학생수 계","3학년 여학생 수","학급당 평균 학생수","정규 교원수 계","정규 여교원수","기간제 교원수 계","기간제 여교원수","직원수","여직원수","보통 교실 수","비고"
"서울시","강남구","국악고등학교","http://www.gukak.hs.kr","국립","특수목적고","공학","주간","135-962","서울특별시 강남구 개포로22길 65 (개포동국악고등학교)","02-3497-0800","5","5","5","0","150","126","148","121","148","120","29.7","41","34","0","0","16","6","15",""
"서울시","성북구","서울대학교사범대학부설고등학교","www.snu.hs.kr","국립","일반고","공학","주간","136-090","서울특별시 성북구 월곡로6 국립대학법인서울대학교사범대학부설고등학교 (종암동)","02-913-7307","8","8","8","3","321","154","312","154","340","168","36","57","32","9","5","5","1","27",""
"서울시","금천구","전통예술고등학교","http://kugak-am.hs.kr","국립","특수목적고","공학","주간","153-030","서울특별시 금천구 시흥대로38길 62  전통예술고등학교 (시흥동서울국악예술중.고등학교)","02-896-1094","6","6","6","0","178","144","171","139","172","136","28.9","33","21","3","2","7","2","18",""
"서울시","송파구","가락고등학교","http://www.garak.hs.kr","공립","일반고","공학","주간","138-854","서울특별시 송파구 송이로 42 (송파동가락고등학교)","02-416-4658","12","12","14","0","351","144","388","169","455","210","31.4","78","51","6","6","6","3","37",""
"서울시","서대문구","가재울고등학교","http://www.gajaeul.hs.kr","공립","일반고","공학","주간","120-811","서울특별시 서대문구 수색로 100-35","02-307-6640","8","8","0","2","244","122","281","145","0","0","29.2","37","23","3","2","5","2","31",""
"서울시","강동구","강일고등학교","http://www.gang-il.hs.kr","공립","일반고","공학","주간","134-100","서울특별시 강동구 아리수로98길 40 (강일동서울강일고등학교)","02-428-6801","9","9","9","3","239","101","276","111","253","108","25.6","57","33","3","3","8","7","30",""
"서울시","강남구","개포고등학교","http://www.gaepo.hs.kr","공립","일반고","공학","주간","135-800","서울특별시 강남구 개포로 402 (개포동개포고등학교)","02-576-3334","12","11","11","0","406","195","385","184","414","184","35.4","70","54","8","8","7","5","34",""
"서울시","강남구","경기고등학교","http://kyunggi.hs.kr/","공립","일반고","남자","주간","135-870","서울특별시 강남구 영동대로 643 (삼성동경기고등학교)","02-3496-7300","15","14","14","3","608","0","560","0","569","0","37.8","90","39","5","3","9","3","46",""
"서울시","강남구","경기여자고등학교","http://www.kgg.hs.kr","공립","일반고","여자","주간","135-800","서울특별시 강남구 삼성로 29 (개포동경기여자고등학교)","02-573-6797","13","13","14","3","538","538","539","539","598","598","39","91","70","10","9","9","5","43",""
"서울시","성북구","경동고등학교","www.kyungdong.hs.kr","공립","자율고","남자","주간","136-043","서울특별시 성북구 보문로29길 49 (삼선동3가경동고등학교)","02-928-2077","8","9","13","3","219","0","247","0","385","0","25.8","64","34","3","3","6","2","56",""
"서울시","종로구","경복고등학교","http://www.kyungbock.hs.kr","공립","일반고","남자","주간","110-030","서울특별시 종로구 자하문로28가길 9  경복고등학교 (청운동경복고등학교)","02-397-5214","12","14","14","3","423","0","514","0","507","0","33.6","87","41","6","5","9","2","57",""
"서울시","구로구","경인고등학교","http://www.kyeongin.hs.kr","공립","일반고","공학","주간","152-826","서울특별시 구로구 경인로46길 31 (고척동경인고등학교)","02-2618-3043","14","13","13","3","455","171","498","192","512","171","34.1","85","45","8","5","7","3","52",""
"서울시","성동구","경일고등학교","www.seoulkyungil.hs.kr","공립","자율고","공학","주간","133-819","서울특별시 성동구 성수일로 27 경일고등학교 (성수동1가경일 중.고등학교)","070-4099-7007","5","9","12","3","99","40","220","128","300","161","21.3","57","34","5","5","7","2","43",""
"서울시","구로구","고척고등학교","http://www.gocheok.hs.kr/","공립","자율고","공학","주간","152-832","서울 구로구 중앙로15길 162 (고척동고척고등학교)","02-2684-1593","10","10","10","3","340","169","326","125","292","110","29","66","43","3","1","6","2","38",""
"서울시","강서구","공항고등학교","http://www.konghang.hs.kr","공립","일반고","공학","주간","157-853","서울특별시 강서구 개화동로 495 (방화동공항고등학교)","02-2664-6874","9","9","10","0","239","116","254","120","317","150","28.9","61","29","7","7","7","4","28",""
"서울시","영등포구","관악고등학교","http://kwan-ak.hs.kr","공립","일반고","공학","주간","150-102","서울특별시 영등포구 영등포로6길 26 (양평동2가관악고등학교)","02-2633-5954","11","13","13","3","329","149","400","158","387","167","27.9","81","54","4","4","6","3","45",""
"서울시","광진구","광남고등학교","http://www.gwang-nam.hs.kr","공립","일반고","공학","주간","143-815","서울 광진구 아차산로70길 17-16  광남고등학교 (광장동광남고등학교)","02-2204-8863","17","18","16","0","641","298","644","259","600","225","37","101","69","14","10","7","5","52",""
"서울시","광진구","광양고등학교","http://www.gwangyang.hs.kr","공립","자율고","공학","주간","143-873","서울특별시 광진구 자양로3가길 31 (자양동광양고등학교)","02-446-1435","10","10","10","3","280","134","331","128","308","132","27.8","64","35","3","3","8","3","38",""
"서울시","구로구","구로고등학교","http://kuro.hs.kr","공립","일반고","공학","주간","152-842","서울특별시 구로구 가마산로27길 45 (구로동구로고등학교)","02-851-2064","12","12","12","0","367","152","431","182","438","187","34.3","72","42","10","7","5","2","44",""
"서울시","관악구","구암고등학교","http://www.guahm.hs.kr","공립","일반고","공학","주간","151-050","서울특별시 관악구 성현로 57 (봉천동구암고등학교)","02-879-9819","8","8","8","3","260","152","287","180","274","128","30.4","51","31","3","1","7","3","0",""
"서울시","구로구","구일고등학교","http://www.guil.hs.kr","공립","일반고","공학","주간","152-868","서울특별시 구로구 구일로 90-51 (구로동구일고등학교)","02-858-2549","12","12","12","0","414","151","467","198","471","203","37.6","73","47","8","6","7","4","39",""
"서울시","구로구","구현고등학교","http://www.guhyun.hs.kr","공립","자율고","공학","주간","152-865","서울특별시 구로구 경인로53가길 17 (구로동구현고등학교)","02-2628-8916","10","10","10","0","326","163","310","154","295","147","31","63","42","6","5","7","2","31",""
"서울시","양천구","금옥여자고등학교","http://www.geumok.hs.kr","공립","일반고","여자","주간","158-855","서울특별시 양천구 신정로 213 (신정동금옥여자고등학교)","02-2086-7506","10","10","10","3","302","302","281","281","294","294","26.6","68","50","6","5","7","3","37",""
"서울시","금천구","금천고등학교","http://keumcheon.hs.kr/","공립","자율고","공학","주간","153-030","서울특별시 금천구 시흥대로38길 26 (시흥동금천고등학교)","02-896-3186","11","11","11","3","333","150","322","143","317","142","27","71","42","4","3","6","3","35",""
"서울시","노원구","노원고등학교","http://www.nowon.hs.kr","공립","일반고","공학","주간","139-824","서울특별시 노원구 노원로 586  노원고등학교 (상계동노원고등학교)","02-937-0078","10","11","12","0","291","146","348","147","341","152","29.7","65","33","11","8","7","4","36",""
"서울시","도봉구","누원고등학교","http://www.noowon.hs.kr","공립","일반고","공학","주간","132-010","서울특별시 도봉구 마들로 849 (도봉동누원고등학교)","02-3492-7594","10","10","10","0","254","122","296","125","315","136","28.8","58","35","8","5","6","3","30",""
"서울시","관악구","당곡고등학교","http://www.danggok.hs.kr","공립","자율고","공학","주간","151-050","서울특별시 관악구 봉천로21길 108 (봉천동당곡고등학교)","02-6717-5106","12","12","12","0","353","179","325","171","337","177","28.2","73","44","11","6","6","3","36",""
"서울시","영등포구","대영고등학교","http://www.dy.hs.kr","공립","자율고","공학","주간","150-848","서울특별시 영등포구 도림로86길 16 (신길동대영고등학교)","02-840-8604","10","10","10","0","295","149","288","145","277","120","28.7","61","47","9","8","6","2","38",""
"서울시","도봉구","도봉고등학교","http://db2004.hs.kr","공립","자율고","공학","주간","132-812","서울특별시 도봉구 도봉산길 27 (도봉동도봉고등학교)","02-3491-4285","6","6","6","3","116","38","145","64","142","52","19.2","40","23","5","3","6","2","21",""
"서울시","금천구","독산고등학교","http://www.doksan.hs.kr","공립","일반고","공학","주간","153-820","서울특별시 금천구 문성로 64 (독산동독산고등학교)","02-857-6248","10","11","11","3","306","139","341","153","346","145","28.4","68","48","12","9","6","3","32",""
"서울시","동작구","동작고등학교","http://www.dongjak.hs.kr","공립","일반고","공학","주간","156-883","서울특별시 동작구 솔밭로 51 (사당동동작고등학교(복합정보센타))","02-588-4197","10","12","12","3","330","152","428","251","395","176","31.2","72","46","3","0","7","3","37",""
"서울시","강동구","둔촌고등학교","http://www.doonchon.hs.kr","공립","일반고","공학","주간","134-817","서울특별시 강동구 명일로 140 (둔촌동둔촌고등학교)","02-485-9873","12","13","13","3","361","182","398","180","427","191","28.9","83","46","3","3","7","3","51",""
"서울시","강서구","등촌고등학교","www.dch.hs.kr","공립","자율고","공학","주간","157-930","서울특별시 강서구 공항대로39길 115 (등촌동등촌고등학교)","02-3665-6045","10","10","10","3","305","151","279","141","288","149","26.4","63","32","7","6","7","3","33",""
"서울시","중랑구","면목고등학교","http://www.mmhs.hs.kr","공립","자율고","남자","주간","131-812","서울특별시 중랑구 용마산로72길 36-14 (면목동면목고등학교)","02-438-2186","10","12","12","3","301","0","308","0","342","0","25.7","73","48","11","7","7","2","45",""
"서울시","강동구","명일여자고등학교","http://www.myungil.hs.kr","공립","일반고","여자","주간","134-825","서울특별시 강동구 명일로 350 (명일동명일여자고등학교)","02-481-8192","10","13","14","3","305","305","361","361","403","403","26.7","77","51","4","4","7","2","40",""
"서울시","성동구","무학여자고등학교","http://www.muhak.hs.kr","공립","일반고","여자","주간","133-870","서울특별시 성동구 고산자로 197 무학여자고등학교","02-2200-1882","12","12","13","3","398","398","452","452","490","490","33.5","77","56","7","6","6","4","49",""
"서울시","송파구","문정고등학교","http://mj.hs.kr","공립","일반고","공학","주간","138-200","서울특별시 송파구 송이로34길 62 (문정동문정고등학교)","02-406-0061","10","10","10","3","326","158","338","163","351","148","30.8","64","40","6","6","6","3","34",""
"서울시","송파구","문현고등학교","http://www.munhyeon.hs.kr/","공립","일반고","공학","주간","138-923","서울특별시 송파구 충민로 115 (장지동문현고등학교)","070-4014-4804","9","9","9","3","288","127","296","142","315","149","30","58","30","0","0","6","4","30",""
"서울시","강북구","미양고등학교","http://mi-yang.hs.kr","공립","자율고","공학","주간","142-822","서울특별시 강북구 인수봉로 39 (미아동무유빌딩)","02-982-6104","7","7","7","3","195","84","196","71","209","84","25","48","34","5","4","6","5","24",""
"서울시","서초구","반포고등학교","http://www.banpo.hs.kr","공립","일반고","공학","주간","137-801","서울특별시 서초구 고무래로 71 (반포동반포고등학교)","02-2258-4304","11","11","11","0","406","180","412","170","381","158","36.3","67","41","6","4","7","4","33",""
"서울시","송파구","방산고등학교","www.bangsan.hs.kr","공립","일반고","공학","주간","138-836","서울특별시 송파구 오금로27길 18 (방이동방산고등학교)","02-418-2602","12","12","12","3","395","172","425","206","419","181","31.8","74","50","12","8","8","6","44",""
"서울시","노원구","불암고등학교","http://www.buram.hs.kr","공립","일반고","공학","주간","139-861","서울특별시 노원구 중계로 155 (중계동불암고등학교)","02-935-7300","12","12","12","3","424","194","443","183","443","184","33.6","75","54","6","3","8","4","45",""
"서울시","강북구","삼각산고등학교","http://samgaksan.hs.kr","공립","일반고","공학","주간","142-100","서울특별시 강북구 삼양로19길 40 (미아동삼각산고등학교)","070-7525-2200","10","10","10","3","298","117","297","112","298","119","27.1","63","48","6","3","7","3","33",""
"서울시","관악구","삼성고등학교","http://www.samsung.hs.kr","공립","일반고","공학","주간","151-858","서울특별시 관악구 신림로 41 (신림동삼성고등학교)","02-6493-7533","9","9","9","3","224","113","259","150","236","114","24","59","37","6","5","7","3","30",""
"서울시","노원구","상계고등학교","http://www.sanggye.hs.kr","공립","일반고","남자","주간","139-200","서울특별시 노원구 노해로 432 (상계동상계고등학교)","070-8678-2506","14","14","15","0","417","0","518","0","506","0","33.5","87","48","4","0","7","2","43",""
"서울시","마포구","상암고등학교","http://www.sangam.hs.kr","공립","자율고","공학","주간","121-904","서울특별시 마포구 월드컵북로 445 (상암동상암고등학교)","02-373-0041","10","10","10","3","369","182","350","174","297","151","30.8","66","31","6","6","6","5","35",""
"서울시","서초구","서울고등학교","http://www.seoul.hs.kr","공립","일반고","남자","주간","137-871","서울특별시 서초구 효령로 197 (서초동서울고등학교)","02-582-8151","15","15","15","3","599","0","594","0","617","0","37.7","94","55","7","2","9","3","46",""
"서울시","종로구","서울과학고등학교","http://www.sshs.hs.kr","공립","특수목적고","공학","주간","110-521","서울특별시 종로구 혜화로 63 (명륜1가서울과학고등학교)","02-740-6204","8","8","8","0","126","7","131","7","129","11","16.1","71","35","8","1","11","3","21",""
"서울시","종로구","서울국제고등학교","http://www.sghs.kr","공립","특수목적고","공학","주간","110-521","서울특별시 종로구 성균관로13길 40 (명륜1가서울국제고등학교)","02-743-9385","6","6","6","0","154","118","150","108","151","110","25.3","63","36","1","0","8","2","18",""
"서울시","마포구","서울여자고등학교","http://www.seoulgs.hs.kr","공립","자율고","여자","주간","121-872","서울특별시 마포구 백범로25길 34 (염리동서울여자중고등학교)","02-703-2216","9","12","12","3","251","251","337","337","369","369","26.6","70","44","12","8","6","2","41",""
"서울시","송파구","서울체육고등학교","http://seoul-ph.cschool.net","공립","특수목적고","공학","주간","138-829","서울특별시 송파구 강동대로 232 (방이동서울체육고등학교)","02-2140-9903","4","4","4","0","133","46","132","36","134","39","33.3","43","13","1","0","17","5","13",""
"서울시","서초구","서초고등학교","www.seocho.hs.kr","공립","일반고","공학","주간","137-952","서울특별시 서초구 반포대로27길 29 (서초동서초고등학교)","02-584-4234","12","12","12","0","384","221","400","201","413","257","33.3","73","50","11","10","10","7","37",""
"서울시","성북구","석관고등학교","http://www.seokkwan.hs.kr","공립","일반고","공학","주간","136-816","서울특별시 성북구 한천로70길 30 (석관동석관고등학교)","02-958-1165","11","12","12","0","320","151","392","188","435","160","32.8","71","41","6","5","6","1","36",""
"서울시","강동구","선사고등학교","http://www.sunsa.hs.kr","공립","일반고","공학","주간","134-855","서울 강동구 고덕로25길 17 (암사동암사고등학교)","02-2224-5592","8","8","8","3","246","118","240","113","215","101","26","53","35","4","3","7","4","32",""
"서울시","영등포구","선유고등학교","http://www.seonyoo.hs.kr","공립","일반고","공학","주간","150-866","서울특별시 영등포구 선유로 227  선유고등학교 (양평동4가선유고등학교)","02-2069-0039","9","9","9","3","275","121","290","130","296","141","28.7","61","37","5","4","6","2","30",""
"서울시","중구","성동고등학교","http://www.sungdong.hs.kr","공립","자율고","남자","주간","100-821","서울특별시 중구 퇴계로90길 17 (신당동성동고등학교)","02-2237-2412","10","10","10","3","311","0","285","0","288","0","26.8","62","35","6","3","7","4","36",""
"서울시","성동구","성수고등학교","http://seoulseongsu.hs.kr","공립","일반고","공학","주간","133-923","서울특별시 성동구 서울숲길 18 (성수동1가성수중학교)","02-461-2276","10","11","13","3","289","148","358","182","373","185","27.6","71","45","5","3","5","1","36",""
"서울시","구로구","세종과학고등학교","http://www.sjsh.hs.kr","공립","특수목적고","공학","주간","152-883","서울특별시 구로구 오리로21길 79 (궁동세종과학고등학교)","02-2060-4133","8","8","3","0","157","41","163","27","36","8","18.7","60","34","5","4","8","3","21",""
"서울시","강서구","세현고등학교","http://sehyun.hs.kr","공립","일반고","공학","주간","157-810","서울특별시 강서구 허준로 227 (가양동세현고등학교)","02-3663-1495","9","9","10","3","259","122","244","116","312","186","26.3","60","30","4","1","7","3","33",""
"서울시","동작구","수도여자고등학교","http://www.sudo-gh.hs.kr","공립","일반고","여자","주간","156-850","서울특별시 동작구 여의대방로10길 73  신대방동 (신대방동수도여자고등학교)","02-2102-3506","11","11","11","3","413","413","427","427","448","448","35.8","72","51","7","5","7","3","35",""
"서울시","노원구","수락고등학교","http://www.surak.net","공립","자율고","공학","주간","139-838","서울특별시 노원구 동일로245길 143 (상계동수락고등학교)","070-867-7210","10","10","10","0","272","127","274","127","272","117","27.3","63","36","7","6","5","1","32",""
"서울시","강서구","수명고등학교","http://www.sumyeong.hs.kr","공립","일반고","공학","주간","157-280","서울특별시 강서구 수명로2길 15 (내발산동수명고등학교)","02-2660-5504","9","9","9","3","274","121","246","119","273","160","26.4","56","33","13","12","5","3","30",""
"서울시","은평구","신도고등학교","http://www.sindo.hs.kr","공립","일반고","공학","주간","122-200","서울특별시 은평구 통일로 961 (진관동신도고등학교)","02-3157-0021","10","10","10","3","304","150","282","153","318","183","27.4","62","43","7","3","7","3","36",""
"서울시","구로구","신도림고등학교","http://www.shindorim.hs.kr","공립","일반고","공학","주간","152-886","서울특별시 구로구 경인로67길 159 (신도림동신도림고등학교)","02-2068-7979","8","8","8","3","274","111","306","146","319","144","33.3","53","34","6","4","5","3","27",""
"서울시","관악구","신림고등학교","www.sillim.hs.kr","공립","일반고","공학","주간","151-015","서울특별시 관악구 문성로 119 (신림동신림고등학교)","070-861-1900","8","10","10","3","244","127","291","192","314","209","27.4","62","43","8","6","6","3","31",""
"서울시","양천구","신목고등학교","http://shinmok.hs.kr","공립","일반고","공학","주간","158-887","서울특별시 양천구 안양천로 739 (신정동신목고등학교)","02-2645-4513","14","14","14","2","544","261","560","267","549","172","37.6","87","61","14","11","7","3","45",""
"서울시","양천구","신서고등학교","www.sinseo.hs.kr","공립","일반고","공학","주간","158-860","서울특별시 양천구 은행정로 42 (신정동신서고등학교)","02-2690-0025","7","7","7","3","231","104","275","117","271","113","32.4","45","25","4","2","7","4","24",""
"서울시","중랑구","신현고등학교","http://www.shinhyeon.hs.kr","공립","일반고","공학","주간","131-863","서울특별시 중랑구 봉화산로 174 (상봉동신현고등학교)","02-3422-2715","10","10","10","3","300","112","328","128","305","123","28.3","65","48","9","8","6","3","35",""
"서울시","강남구","압구정고등학교","http://www.apgujeong.hs.kr/","공립","일반고","공학","주간","135-903","서울특별시 강남구 압구정로39길 20  압구정고등학교 (압구정동압구정고등학교)","070-8255-5129","12","13","13","0","351","173","413","211","439","182","31.7","77","43","11","10","7","3","40",""
"서울시","서초구","양재고등학교","http://www.yangjae.hs.kr","공립","일반고","공학","주간","137-863","서울특별시 서초구 남부순환로346길 9 (서초동양재고등학교)","02-571-4459","13","13","13","0","391","172","407","182","434","198","31.6","77","51","11","11","6","2","39",""
"서울시","서초구","언남고등학교","http://www.eonnam.hs.kr","공립","일반고","공학","주간","137-896","서울특별시 서초구 동산로13길 35 (양재동언남고등학교)","02-575-2680","11","11","10","3","289","120","344","148","285","131","26.2","70","51","12","8","7","3","38",""
"서울시","영등포구","여의도고등학교","http://yeoido.hs.kr","공립","일반고","남자","주간","150-882","서울특별시 영등포구 국제금융로7길 37 여의도고등학교","070-8661-3103","11","11","12","3","422","0","358","0","397","0","31.8","71","43","7","6","7","3","35",""
"서울시","영등포구","여의도여자고등학교","http://www.youido-gh.hs.kr","공립","일반고","여자","주간","150-888","서울특별시 영등포구 국제금융로7가길 13 (여의도동여의도여자고등학교)","02-3780-4308","9","10","10","1","330","330","339","339","353","353","34.1","62","41","8","7","6","2","30",""
"서울시","동작구","영등포고등학교","http://www.ydp.hs.kr","공립","일반고","남자","주간","156-807","서울특별시 동작구 등용로8길 5 (대방동영등포고등학교)","02-816-8323","8","10","10","3","225","0","292","0","289","0","26","63","31","5","5","9","7","31",""
"서울시","영등포구","영등포여자고등학교","http://ydpg.hs.kr","공립","일반고","여자","주간","150-840","서울특별시 영등포구 영등포로62길 13 (신길동영등포여자고등학교)","02-843-7956","10","11","11","3","284","284","340","340","350","350","27.8","71","47","4","4","9","6","37",""
"서울시","영등포구","영신고등학교","http://www.ysh.or.kr","공립","일반고","공학","주간","150-860","서울 영등포구 대방천로14길 18  영신고등학교 (신길동영신고등학교)","070-4018-7239","11","13","13","1","390","148","425","164","434","178","32.9","77","52","7","5","6","3","38",""
"서울시","송파구","오금고등학교","http://www.ogum.hs.kr","공립","일반고","공학","주간","138-855","서울특별시 송파구 중대로 247 (오금동오금고등학교)","02-406-0592","12","14","14","0","358","154","452","203","444","210","31.4","80","56","7","5","5","3","43",""
"서울시","용산구","용산고등학교","http://www.yongsan.hs.kr","공립","일반고","남자","주간","140-833","서울특별시 용산구 두텁바위로 60 (용산동2가용산고등학교)","02-3706-6700","13","13","14","3","445","0","455","0","493","0","32.4","83","54","8","5","7","3","43",""
"서울시","중랑구","원묵고등학교","http://wonmook.hs.kr","공립","자율고","공학","주간","131-846","서울특별시 중랑구 숙선옹주로 82  원묵고등학교 (묵동원묵고등학교)","070-4020-6205","10","10","10","0","332","163","325","160","282","145","31.3","62","39","5","4","5","2","30",""
"서울시","노원구","월계고등학교","http://wg.hs.kr","공립","일반고","공학","주간","139-851","서울특별시 노원구 초안산로5길 66 (월계동월계고등학교)","02-908-0062","10","10","10","3","308","146","361","173","355","171","31","64","45","10","8","7","4","36",""
"서울시","은평구","은평고등학교","http://www.ep.hs.kr","공립","일반고","공학","주간","122-946","서울특별시 은평구 갈현로15길 51 (구산동)","02-383-0872","7","7","7","3","208","85","208","98","237","129","27.2","47","32","4","3","5","2","26",""
"서울시","관악구","인헌고등학교","http://www.inhun.hs.kr","공립","일반고","공학","주간","151-814","서울특별시 관악구 인헌9길 74 (봉천동인헌고등학교)","02-886-6253","8","10","10","0","216","106","255","128","263","129","26.2","59","37","10","8","7","4","28",""
"서울시","광진구","자양고등학교","http://www.jayang.hs.kr","공립","일반고","공학","주간","143-861","서울특별시 광진구 뚝섬로37길 28 (자양동자양고등학교)","02-2049-4107","13","14","14","3","434","185","460","202","500","226","31.7","85","43","11","10","7","4","44",""
"서울시","도봉구","자운고등학교","http://jawoon.hs.kr","공립","일반고","공학","주간","132-898","서울특별시 도봉구 노해로69길 150 (창동자운고등학교)","02-998-2929","12","12","12","0","358","158","433","172","443","184","34.3","70","37","8","7","6","4","36",""
"서울시","송파구","잠신고등학교","http://www.jamsin.or.kr","공립","일반고","공학","주간","138-911","서울특별시 송파구 잠실로 24 (잠실동잠신고등학교)","02-417-8770","12","12","14","3","426","195","393","170","465","209","31.3","81","52","9","6","6","3","41",""
"서울시","송파구","잠실고등학교","http://www.jamsil.hs.kr","공립","일반고","남자","주간","138-240","서울특별시 송파구 올림픽로33길  71 (신천동잠실고등학교)","02-2141-3700","12","12","14","0","339","0","376","0","431","0","30.2","77","48","6","6","6","2","40",""
"서울시","송파구","잠일고등학교","http://www.jamil.hs.kr","공립","일반고","공학","주간","138-908","서울특별시 송파구 백제고분로 21 (잠실동잠일고등학교)","02-2141-2007","7","7","7","3","207","91","222","104","188","86","25.7","48","24","1","1","6","4","26",""
"서울시","용산구","중경고등학교","http://jungkyung.hs.kr","공립","자율고","공학","주간","140-853","서울특별시 용산구 이촌로84길 34 (이촌동중경고등학교)","02-793-4154","6","8","8","3","137","76","181","113","187","124","20.2","52","32","3","0","6","2","30",""
"서울시","중랑구","중화고등학교","http://www.jung-hwa.hs.kr","공립","일반고","공학","주간","131-875","서울특별시 중랑구 봉화산로27길 62 (중화동중화고등학교)","02-491-6807","10","11","11","2","280","98","334","117","323","118","27.6","68","40","6","6","7","3","35",""
"서울시","은평구","진관고등학교","http://www.jingwan.hs.kr","공립","일반고","공학","주간","122-200","서울특별시 은평구 진관4로 26 (진관동진관고등학교)","02-358-0782","11","11","11","3","359","153","354","174","378","198","30.3","70","47","4","3","6","4","40",""
"서울시","송파구","창덕여자고등학교","http://www.changduk.hs.kr","공립","일반고","여자","주간","138-829","서울특별시 송파구 양재대로 1240  창덕여자고등학교 (방이동창덕여자고등학교)","02-401-4924","14","14","14","1","436","436","469","469","527","527","33.3","87","56","5","5","8","5","43",""
"서울시","도봉구","창동고등학교","http://www.changdong.hs.kr","공립","일반고","공학","주간","132-925","서울특별시 도봉구 노해로62길 7 (창동창동고등학교)","070-4377-3607","13","14","14","3","415","188","520","220","530","224","33.3","89","53","4","4","6","3","44",""
"서울시","강남구","청담고등학교","http://www.chungdam.hs.kr","공립","일반고","공학","주간","135-906","서울특별시 강남구 압구정로 419  청담고등학교 (압구정동청담고등학교)","02-3496-8302","10","11","11","3","317","167","360","210","346","222","29.2","69","52","10","10","9","3","35",""
"서울시","동대문구","청량고등학교","http://www.chungryang.hs.kr","공립","자율고","공학","주간","130-866","서울특별시 동대문구 왕산로 303 (청량리동청량고등학교)","02-959-4362","12","12","12","3","377","141","382","184","335","161","28.1","77","48","12","9","7","4","42",""
"서울시","중랑구","태릉고등학교","http://www.taereung.hs.kr","공립","일반고","공학","주간","131-846","서울특별시 중랑구 신내로23길 36 태릉고등학교","02-974-6251","10","12","12","3","335","118","433","146","444","143","32.8","69","39","4","3","9","3","34",""
"서울시","서대문구","한성과학고등학교","http://hansung-sh.hs.kr","공립","특수목적고","공학","주간","120-080","서울특별시 서대문구 통일로 279-79 (현저동한성과학고등학교)","02-6917-0000","7","7","3","0","140","26","140","31","26","7","18","55","25","4","3","12","3","22",""
"서울시","강북구","혜화여자고등학교","http://hyehwa-h.hs.kr","공립","일반고","여자","주간","142-886","서울특별시 강북구 인수봉로 127 (수유동혜화여자고등학교)","02-987-8342","11","12","12","3","302","302","391","391","410","410","29","75","51","4","4","8","5","37",""
"서울시","도봉구","효문고등학교","http://www.hyomun.hs.kr","공립","일반고","공학","주간","132-887","서울특별시 도봉구 우이천로 432 (쌍문동효문중 고등학교)","02-992-0778","8","8","8","3","223","117","246","117","247","117","26.5","51","30","4","1","6","1","28",""
"서울시","동대문구","휘봉고등학교","http://hwibong.hs.kr","공립","일반고","공학","주간","130-874","서울특별시 동대문구 한천로 272  휘봉고등학교 (휘경동)","02-2116-7204","7","7","7","3","208","85","212","160","208","84","26.2","46","29","9","5","5","3","24",""
"서울시","강동구","강동고등학교","http://kangdong.hs.kr","사립","일반고","공학","주간","134-837","서울특별시 강동구 구천면로 572  강동고등학교 (상일동강동고등학교)","02-427-0233","10","10","10","0","302","125","289","112","299","117","29.7","58","9","4","3","6","1","30",""
"서울시","양천구","강서고등학교","http://www.gangseo.hs.kr","사립","일반고","남자","주간","158-815","서울특별시 양천구 목동중앙남로 27 (목동강서고등학교)","02-2642-0725","14","15","15","0","557","0","592","0","598","0","39.7","74","6","19","6","6","2","44",""
"서울시","광진구","건국대학교사범대학부속고등학교","http://www.konkuk.hs.kr","사립","일반고","공학","주간","143-701","서울특별시 광진구 능동로 120  건국대학교사범대학부속고등학교 (화양동건국대학교)","02-446-9082","12","12","13","0","475","156","457","198","510","229","39","73","19","9","5","5","3","45",""
"서울시","동작구","경문고등학교","http://kyungmoon.hs.kr/","사립","자율고","남자","주간","156-080","서울 동작구 동작대로 171 (동작동경문고등학교)","02-535-1301","10","10","10","0","295","0","259","0","252","0","26.9","53","2","7","5","6","0","34",""
"서울시","강서구","경복여자고등학교","http://www.kyungbokschool.net","사립","일반고","여자","주간","157-030","서울특별시 강서구 화곡로63길 40 (등촌동경복여자고등학교)","070-8855-6833","8","8","8","0","244","244","280","280","307","307","34.6","46","21","5","2","5","3","3",""
"서울시","마포구","경성고등학교","http://www.gyeongseong.hs.kr","사립","일반고","남자","주간","121-866","서울특별시 마포구 성미산로 111 (연남동경성중고등학교)","02-3140-1244","9","9","9","0","256","0","305","0","301","0","31.9","48","21","14","9","6","0","30",""
"서울시","종로구","경신고등학교","http://kyungshin.hs.kr","사립","일반고","남자","주간","110-530","서울특별시 종로구 혜화로 74 (혜화동경신중고등학교)","02-762-0393","10","11","11","0","338","0","381","0","396","0","34.8","61","14","11","7","6","0","36",""
"서울시","동대문구","경희고등학교","http://www.kyungheeboy.hs.kr/","사립","자율고","남자","주간","130-701","서울특별시 동대문구 경희대로 26 (회기동경희고등학교)","02-966-3782","8","8","8","0","262","0","264","0","259","0","32.7","49","13","8","6","6","0","45",""
"서울시","동대문구","경희여자고등학교","www.kyunghee.hs.kr","사립","일반고","여자","주간","130-701","서울특별시 동대문구 경희대로 26  경희여자고등학교  (회기동경희대학교)","02-966-1248","9","9","9","0","256","256","268","268","276","276","29.6","46","23","11","6","6","0","48",""
"서울시","중구","계성여자고등학교","http://ksg.hs.kr","사립","일반고","여자","주간","100-809","서울특별시 중구 명동길 74-1 (명동2가계성여자고등학교)","02-728-6141","8","8","8","0","206","206","246","246","250","250","29.3","43","20","13","8","5","2","26",""
"서울시","성북구","고려대학교사범대학부속고등학교","http://koreahi.hs.kr","사립","일반고","남자","주간","136-703","서울특별시 성북구 정릉로 161  고려대학교사범대학부속고등학교 (정릉동고려대학교부설보건전문대)","02-914-7483","10","10","10","0","279","0","352","0","400","0","34.4","57","18","12","4","6","1","30",""
"서울시","강동구","광문고등학교","http://www.gwangmun.com","사립","일반고","공학","주간","134-803","서울특별시 강동구 동남로 968 (고덕동광문고등학교)","02-427-2872","14","14","15","0","432","181","453","177","482","181","31.8","83","28","8","5","6","4","43",""
"서울시","마포구","광성고등학교","http://www.kwangsung.hs.kr","사립","일반고","남자","주간","121-854","서울특별시 마포구 신수로8길 20 (신수동광성중고등학교)","02-703-3457","9","9","9","0","274","0","319","0","311","0","33.5","50","10","11","6","6","1","31",""
"서울시","관악구","광신고등학교","http://www.kwangshin.hs.kr","사립","일반고","공학","주간","151-863","서울특별시 관악구 광신길 141 (신림동광신중고등학교)","02-881-8506","11","12","12","0","339","184","387","238","365","230","31.2","58","10","18","11","5","0","40",""
"서울시","양천구","광영고등학교","http://www.ky.hs.kr","사립","일반고","남자","주간","158-823","서울시 양천구 남부순환로 30길 17  (신월동  광영고등학교)","02-2650-2304","15","15","15","0","437","0","444","0","447","0","29.5","91","22","3","2","6","1","47",""
"서울시","양천구","광영여자고등학교","http://www.kyg.hs.kr","사립","일반고","여자","주간","158-823","서울특별시 양천구 남부순환로30길 17  광영여자고등학교 (신월동광영고등학교)","070-4173-6004","15","15","15","0","419","419","478","478","494","494","30.9","89","52","13","8","6","2","45",""
"서울시","관악구","남강고등학교","http://www.namkang.hs.kr","사립","일반고","남자","주간","151-015","서울특별시 관악구 난곡로34길 80 (신림동남강중고등학교)","02-839-1701","13","13","14","0","343","0","398","0","390","0","28.3","70","11","14","9","7","1","45",""
"서울시","강남구","단국대학교사범대학부속고등학교","http://www.dan-kook.hs.kr","사립","일반고","남자","주간","135-852","서울특별시 강남구 도곡로64길 21  단국대학교사범대학부속고등학교 (대치동단국공업고등학교)","02-2191-2604","14","14","14","0","569","0","550","0","576","0","40.4","60","5","26","19","6","2","43",""
"서울시","동대문구","대광고등학교","http://www.dgh.hs.kr","사립","자율고","남자","주간","130-810","서울특별시 동대문구 안암로 6 (신설동대광고등학교)","02-940-2212","10","10","9","0","320","0","316","0","281","0","31.6","57","19","9","7","6","2","35",""
"서울시","은평구","대성고등학교","http://www.dae-sung.hs.kr","사립","자율고","남자","주간","122-802","서울특별시 은평구 갈현로29길 51-24  대성고등학교 (갈현동대성중고등학교)","02-6252-1010","10","12","13","0","346","0","412","0","431","0","34","70","13","5","4","6","3","38",""
"서울시","종로구","대신고등학교","http://www.dae-shin.hs.kr/","사립","일반고","남자","주간","110-091","서울특별시 종로구 사직로 9 (행촌동대신중고등학교)","02-736-0317","10","10","10","0","338","0","333","0","326","0","33.2","59","6","6","4","6","0","36",""
"서울시","광진구","대원고등학교","http://daewon-seoul.hs.kr","사립","일반고","남자","주간","143-713","서울특별시 광진구 용마산로22길 26 (중곡동대원고등학교)","02-2204-1568","12","12","12","0","413","0","420","0","466","0","36.1","73","17","2","2","6","1","36",""
"서울시","광진구","대원여자고등학교","http://www.dwg.hs.kr","사립","일반고","여자","주간","143-713","서울특별시 광진구 용마산로22길 26 (중곡동대원여자고등학교)","02-2204-1620","12","13","13","0","384","384","448","448","438","438","33.4","70","25","10","7","6","1","39",""
"서울시","광진구","대원외국어고등학교","http://www.dwfl.hs.kr/","사립","특수목적고","공학","주간","143-713","서울특별시 광진구 용마산로22길 26 (중곡동대원외국어고등학교)","02-2204-1529","10","12","12","0","289","191","356","229","379","245","30.1","57","20","4","3","10","3","34",""
"서울시","강서구","대일고등학교","http://www.daeil.hs.kr","사립","일반고","남자","주간","157-837","서울특별시 강서구 등촌로 105 (등촌동대일고등학교)","070-4020-6400","15","15","15","0","517","0","530","0","545","0","35.4","82","6","11","9","5","1","48",""
"서울시","성북구","대일외국어고등학교","www.daeil.or.kr","사립","특수목적고","공학","주간","136-857","서울특별시 성북구 서경로 116 (정릉동대일외국어고등학교)","02-940-0700","12","12","12","0","357","245","354","241","377","234","30.2","51","14","21","18","6","1","36",""
"서울시","노원구","대진고등학교","http://www.dae-jin.hs.kr","사립","일반고","남자","주간","139-869","서울특별시 노원구 공릉로62가길 47 (하계동대진고등학교)","02-976-0067","15","15","15","0","556","0","536","0","534","0","36.1","80","27","17","8","6","0","45",""
"서울시","노원구","대진여자고등학교","http://www.daejinw.hs.kr","사립","일반고","여자","주간","139-865","서울특별시 노원구 공릉로 438 (중계동대진여자고등학교)","02-979-2327","14","15","14","0","549","549","541","541","532","532","37.7","80","51","17","13","6","1","49",""
"서울시","종로구","덕성여자고등학교","http://www.duksung.hs.kr","사립","일반고","여자","주간","110-240","서울특별시 종로구 율곡로3길 50 (안국동덕성여자고등학교)","02-734-6871","9","9","9","0","306","306","303","303","298","298","33.6","46","23","10","8","6","2","29",""
"서울시","강서구","덕원여자고등학교","www.deokwon.hs.kr","사립","일반고","여자","주간","157-700","서울특별시 강서구 강서로45길 91-44 (내발산동덕원여자고등학교)","02-2660-7800","15","15","15","0","494","494","523","523","492","492","33.5","80","38","17","14","6","0","45",""
"서울시","강서구","덕원예술고등학교","http://www.dwarts.hs.kr","사립","특수목적고","공학","주간","157-700","서울특별시 강서구 강서로45길 91-44 (내발산동덕원예술고등학교)","02-2660-7911","5","5","5","0","203","181","208","185","229","193","42.7","27","13","1","1","5","1","15",""
"서울시","동대문구","동국대학교사범대학부속고등학교","http://www.ddbk.net","사립","일반고","남자","주간","130-839","서울특별시 동대문구 장안벚꽃로 201 (장안동동국대학교사범대학부속고등학교)","02-6913-1578","12","12","12","0","441","0","473","0","484","0","38.8","67","22","14","7","6","2","34",""
"서울시","광진구","동국대학교사범대학부속여자고등학교","http://donggukgirls.hs.kr","사립","일반고","여자","주간","143-824","서울특별시 광진구 광나루로36길 47 (구의동동국대학교사범대학부속여자중고등학교)","02-2049-1566","12","12","12","0","416","416","403","403","412","412","34.2","67","34","13","8","6","3","36",""
"서울시","서초구","동덕여자고등학교","http://www.dongduk.hs.kr","사립","일반고","여자","주간","137-854","서울특별시 서초구 효령로2길 123-5 (방배동동덕여자중고등학교)","02-586-5418","13","14","14","0","462","462","479","479","524","524","35.7","74","36","17","15","7","1","41",""
"서울시","은평구","동명여자고등학교","http://dongmyung.hs.kr","사립","일반고","여자","주간","122-840","서울특별시 은평구 통일로 793  동명여자고등학교 (대조동)","02-385-0655","13","14","14","3","426","426","497","497","498","498","32.3","69","35","20","15","6","3","44",""
"서울시","강동구","동북고등학교","http://dongbuk.hs.kr","사립","일반고","남자","주간","134-820","서울특별시 강동구 강동대로 305 (둔촌동)","02-477-2280","16","16","17","0","533","0","550","0","574","0","33.8","100","20","8","7","6","1","52",""
"서울시","종로구","동성고등학교","http://www.dongsung.hs.kr","사립","자율고","남자","주간","110-530","서울특별시 종로구 대학로 156  (혜화동)동성고등학교","02-3671-9196","11","11","11","0","373","0","355","0","271","0","30.3","69","13","12","7","9","3","41",""
"서울시","강서구","동양고등학교","http://www.dongyang.hs.kr","사립","일반고","남자","주간","157-806","서울특별시 강서구 허준로 50 (가양동동양고등학교)","02-2657-0878","8","8","8","0","184","0","143","0","168","0","20.6","36","9","15","11","5","1","26",""
"서울시","금천구","동일여자고등학교","http://www.dongilg.hs.kr","사립","일반고","여자","주간","153-030","서울특별시 금천구 탑골로10길 45 (시흥동)","02-803-9805","13","14","14","0","383","383","474","474","412","412","31","79","65","14","12","6","1","41",""
"서울시","금천구","문일고등학교","http://moonil.hs.kr","사립","일반고","남자","주간","153-847","서울특별시 금천구 시흥대로47길 45 (시흥동문일고등학교)","02-802-2301","14","15","15","0","521","0","481","0","502","0","34.2","87","20","5","3","6","1","46",""
"서울시","관악구","미림여자고등학교","http://www.mirim.hs.kr","사립","자율고","여자","주간","151-897","서울특별시 관악구 호암로 546 (신림동미림여자고등학교)","02-886-1814","9","7","9","0","305","305","193","193","223","223","28.8","46","15","12","8","5","1","30",""
"서울시","송파구","배명고등학교","http://www.bm.hs.kr","사립","일반고","남자","주간","138-841","서울특별시 송파구 삼학사로 11 (삼전동배명중고등학교)","070-4014-2640","12","13","13","0","392","0","465","0","417","0","33.5","69","19","11","8","6","1","59",""
"서울시","용산구","배문고등학교","http://baemoon.cschool.net","사립","일반고","남자","주간","140-830","서울특별시 용산구 효창원로 258 (서계동배문중고등학교)","02-3480-7100","9","9","9","0","306","0","309","0","310","0","34.3","51","7","7","1","6","2","27",""
"서울시","강동구","배재고등학교","www.paichai.hs.kr","사립","자율고","남자","주간","134-878","서울특별시 강동구 고덕로 227 (고덕동배재중 고등학교)","02-441-1670","12","13","12","0","388","0","403","0","398","0","32.1","76","13","6","4","14","3","39",""
"서울시","종로구","배화여자고등학교","http://www.paiwha.hs.kr","사립","일반고","여자","주간","110-735","서울특별시 종로구 필운대로1길 34 (필운동배화여자고등학교)","02-724-0300","9","9","9","0","281","281","275","275","266","266","30.4","52","29","8","6","6","2","27",""
"서울시","양천구","백암고등학교","http://www.paekahm.hs.kr","사립","일반고","공학","주간","158-855","서울특별시 양천구 신정로13길 16 (신정동백암고등학교)","02-2696-0110","13","14","14","0","374","172","422","220","447","194","30.3","74","19","11","11","6","2","41",""
"서울시","송파구","보성고등학교","http://www.posung.hs.kr","사립","일반고","남자","주간","138-829","서울특별시 송파구 양재대로 1278 (방이동보성중고등학교)","02-2152-2552","12","14","14","0","470","0","506","0","488","0","36.6","75","5","11","4","6","1","43",""
"서울시","용산구","보성여자고등학교","http://www.bosung.hs.kr","사립","일반고","여자","주간","140-833","서울특별시 용산구 신흥로3가길 66 (용산동2가보성여자고등학교)","070-4000-3132","7","7","7","0","212","212","208","208","162","162","27.7","38","17","9","8","5","2","22",""
"서울시","송파구","보인고등학교","http://www.boin.hs.kr","사립","자율고","남자","주간","138-860","서울특별시 송파구 오금로49길 18 (오금동보인중고등학교)","02-2043-6021","12","12","12","0","417","0","422","0","378","0","33.8","59","12","13","5","6","2","40",""
"서울시","노원구","상명고등학교","http://www.sangmyung.hs.kr","사립","일반고","공학","주간","139-725","서울특별시 노원구 덕릉로 553 (중계동상명고등학교)","02-971-6211","12","12","12","0","364","148","420","154","412","178","33.2","63","26","15","10","6","1","36",""
"서울시","종로구","상명대학교사범대학부속여자고등학교","http://sangmyung-agh.hs.kr","사립","일반고","여자","주간","110-743","서울특별시 종로구 홍지문2길 20 (홍지동상명대학교)","02-396-6300","9","9","9","0","301","301","305","305","294","294","33.3","46","21","11","7","6","1","30",""
"서울시","서초구","상문고등학교","http://www.sangmoon.hs.kr","사립","일반고","남자","주간","137-849","서울특별시 서초구 명달로 45 (방배동상문고등학교)","02-586-3141","15","14","14","0","558","0","521","0","552","0","37.9","74","17","16","5","6","1","53",""
"서울시","강동구","상일여자고등학교","http://sangil.hs.kr","사립","일반고","여자","주간","134-837","서울특별시 강동구 천호대로219길 61  상일여자고등학교 (상일동상일여자고등학교)","02-428-0435","14","14","15","0","420","420","401","401","451","451","29.6","76","33","14","9","6","2","43",""
"서울시","노원구","서라벌고등학교","http://www.sorabol.hs.kr","사립","일반고","남자","주간","139-860","서울특별시 노원구 한글비석로5길 18 (중계동서라벌고등학교)","02-2092-2285","15","16","17","0","579","0","642","0","666","0","39.3","73","7","18","12","6","0","55",""
"서울시","서초구","서문여자고등학교","http://suhmoon.hs.kr","사립","일반고","여자","주간","137-852","서울특별시 서초구 동광로12길 84 (방배동서문여자고등학교)","02-591-4581","14","13","13","0","566","566","516","516","507","507","39.7","70","31","16","13","6","0","40",""
"서울시","구로구","서울공연예술고등학교","http://sopa.hs.kr","사립","특수목적고","공학","주간","152-883","서울특별시 구로구 오리로22나길 16-26 (궁동서울공연예술고)","02-3281-9760","7","7","7","0","270","199","265","190","266","182","38.1","30","22","7","1","5","2","21",""
"서울시","관악구","서울문영여자고등학교","http://www.moonyoung.seoul.kr","사립","일반고","여자","주간","151-723","서울특별시 관악구 관악로 85   서울문영여자고등학교 (봉천동)","02-873-3624","10","10","10","0","302","302","365","365","317","317","32.8","54","28","12","12","6","3","31",""
"서울시","관악구","서울미술고등학교","http://www.seoul-art.or.kr","사립","일반고","공학","주간","151-727","서울특별시 관악구 남부순환로247길 26 (봉천동서울미술고등학교)","02-872-2114","5","5","5","0","201","168","209","180","207","163","41.1","24","12","6","2","9","0","15",""
"서울시","강남구","서울세종고등학교","http://www.seoulsejong.hs.kr/","사립","일반고","공학","주간","135-884","서울특별시 강남구 광평로51길 36 (수서동서울세종고등학교)","070-8668-3119","10","10","10","0","323","170","335","173","363","187","34","53","21","10","8","6","1","34",""
"서울시","종로구","서울예술고등학교","http://www.yego.or.kr","사립","특수목적고","공학","주간","110-847","서울특별시 종로구 평창문화로 70 (평창동서울예술고등학교)","02-2287-0500","10","10","8","0","368","317","367","313","373","312","39.6","45","26","5","3","11","3","29",""
"서울시","도봉구","서울외국어고등학교","http://www.sfl.hs.kr","사립","특수목적고","공학","주간","132-901","서울특별시 도봉구 덕릉로66길 22 (창동서울외국어고등학교)","070-7602-3401","10","10","10","0","269","196","288","189","308","204","28.8","46","6","6","4","9","4","30",""
"서울시","도봉구","선덕고등학교","http://sunduck.hs.kr","사립","자율고","남자","주간","132-715","서울특별시 도봉구 시루봉로 53 (쌍문동선덕중학교)","02-997-4111","10","11","10","0","354","0","375","0","351","0","34.8","59","14","9","4","4","1","37",""
"서울시","은평구","선일여자고등학교","http://www.sunil.hs.kr","사립","일반고","여자","주간","122-802","서울특별시 은평구 갈현로29길 27  선일여자고등학교 (갈현동)","02-355-5649","12","12","13","0","397","397","441","441","477","477","35.5","68","49","8","7","6","3","39",""
"서울시","은평구","선정고등학교","http://www.sunjung.hs.kr","사립","일반고","공학","주간","122-801","서울특별시 은평구 서오릉로20길 19 (갈현동선정중.고등학교)","02-3156-1720","14","14","15","0","463","193","505","223","498","259","34.1","78","34","15","11","6","1","46",""
"서울시","광진구","선화예술고등학교","http://www.sunhwa.org","사립","특수목적고","공학","주간","143-847","서울특별시 광진구 천호대로 664 (능동선화예술중고등학교)","02-2204-1380","9","9","8","0","363","308","359","315","364","314","41.8","37","19","7","7","11","4","24",""
"서울시","동작구","성남고등학교","http://www.sungnam.hs.kr","사립","일반고","남자","주간","156-809","서울특별시 동작구 대방동길 74 (대방동성남고등학교)","02-815-1334","13","14","14","0","495","0","501","0","510","0","36.7","73","19","12","5","7","0","49",""
"서울시","강동구","성덕고등학교","http://www.seongdeok.com","사립","일반고","공학","주간","134-861","서울특별시 강동구 구천면로 396 (천호동성덕고등학교)","02-2045-5407","8","8","0","0","259","118","254","118","0","0","32.1","32","19","12","8","5","0","37",""
"서울시","관악구","성보고등학교","http://www.sungbo.hs.kr","사립","일반고","남자","주간","151-907","서울특별시 관악구 남부순환로156길 39 (신림동성보고등학교)","02-863-3734","11","11","11","0","332","0","344","0","346","0","31","63","5","10","6","8","1","34",""
"서울시","성북구","성신여자고등학교","http://www.sungshin.hs.kr","사립","일반고","여자","주간","136-060","서울특별시 성북구 동소문로26가길 80 (돈암동성신여자고등학교)","02-6930-9100","12","12","12","0","423","423","406","406","434","434","35.1","60","26","17","12","6","1","36",""
"서울시","용산구","성심여자고등학교","http://sacredheart.hs.kr","사립","일반고","여자","주간","140-850","서울특별시 용산구 원효로19길 49 (원효로4가)","02-702-5501","8","8","8","3","276","276","287","287","273","273","31","44","18","15","10","5","3","31",""
"서울시","서초구","세화고등학교","http://www.se-hwa.hs.kr","사립","자율고","남자","주간","137-040","서울특별시 서초구 신반포로 56-7 (반포동)","02-594-4886","12","12","12","0","361","0","384","0","389","0","31.5","60","11","10","9","6","0","36",""
"서울시","서초구","세화여자고등학교","http://www.sehwa-gs.hs.kr","사립","자율고","여자","주간","137-040","서울특별시 서초구 신반포로 56-7  세화여자고등학교","02-594-4886","12","12","12","0","362","362","391","391","391","391","31.8","63","23","9","8","6","2","36",""
"서울시","중랑구","송곡고등학교","http://www.sg.hs.kr","사립","일반고","남자","주간","131-800","서울특별시 중랑구 양원역로 50 (망우동송곡고등학교)","070-7114-5604","11","12","12","0","374","0","420","0","434","0","35.1","68","19","11","6","6","1","35",""
"서울시","중랑구","송곡여자고등학교","http://www.songgok.hs.kr","사립","일반고","여자","주간","131-800","서울특별시 중랑구 양원역로 67  (망우동) (망우동)","070-7124-3607","12","12","12","2","320","320","387","387","399","399","29.1","66","34","13","7","6","1","46",""
"서울시","강남구","숙명여자고등학교","http://www.sookmyung.hs.kr","사립","일반고","여자","주간","135-505","서울특별시 강남구 남부순환로 2807 (도곡동숙명여자고등학교)","02-3462-5011","14","15","15","0","573","573","611","611","630","630","41.2","72","31","23","21","7","2","44",""
"서울시","마포구","숭문고등학교","http://www.soongmoon.hs.kr","사립","자율고","남자","주간","121-809","서울특별시 마포구 숭문길 99  숭문중고등학교 (대흥동숭문중고등학교)","02-715-4461","8","7","8","0","240","0","209","0","254","0","30.6","46","9","4","2","5","1","25",""
"서울시","은평구","숭실고등학교","http://www.soongsil.net","사립","일반고","남자","주간","122-890","서울특별시 은평구 은평터널로7길 6 (신사동)","02-373-5910","13","13","14","2","473","0","481","0","497","0","34.5","69","9","15","9","6","3","48",""
"서울시","동작구","숭의여자고등학교","http://www.soongeui.hs.kr","사립","일반고","여자","주간","156-807","서울특별시 동작구 여의대방로36길 79 (대방동숭의여자중고등학교)","02-810-7800","10","10","10","0","383","383","371","371","389","389","38.1","55","30","16","10","8","3","31",""
"서울시","용산구","신광여자고등학교","http://www.shinkwang.hs.kr","사립","일반고","여자","주간","140-133","서울특별시 용산구 청파로 263 (청파동3가학교법인신광학원)","02-710-6900","7","7","7","0","140","140","161","161","162","162","22","42","18","7","6","5","0","21",""
"서울시","강북구","신일고등학교","http://www.shin-il.hs.kr","사립","자율고","남자","주간","142-711","서울특별시 강북구 솔매로49길 20 (미아동신일중고등학교)","02-989-4151","11","11","11","0","371","0","364","0","360","0","33.2","57","2","7","6","7","3","33",""
"서울시","양천구","양정고등학교","http://www.yangchung.hs.kr","사립","자율고","남자","주간","158-879","서울특별시 양천구 안양천로 1039 (목동양정고등학교)","02-2649-7071","12","13","13","0","411","0","432","0","439","0","33.7","73","5","7","6","8","3","38",""
"서울시","양천구","양천고등학교","http://yangcheon.cschool.net","사립","일반고","남자","주간","158-867","서울특별시 양천구 신정로14길 13 (신정동양천고등학교)","02-2605-5996","12","12","12","0","439","0","433","0","413","0","35.7","57","8","17","12","6","2","36",""
"서울시","노원구","염광고등학교","http://yumkwang.hs.kr","사립","일반고","공학","주간","139-724","서울특별시 노원구 월계로45가길 9  염광고등학교 (월계동염광 중/고등/여자메디텍고등학교)","02-905-4221","11","10","10","0","332","146","339","130","335","138","32.5","57","24","12","9","6","2","36",""
"서울시","강남구","영동고등학교","http://www.yd.hs.kr","사립","일반고","남자","주간","135-950","서울특별시 강남구 선릉로 742  영동고등학교 (청담동영동고등학교)","02-542-5071","14","14","14","0","532","0","491","0","560","0","37.7","50","11","37","18","4","2","43",""
"서울시","송파구","영동일고등학교","http://www.ydi.hs.kr","사립","일반고","공학","주간","138-915","서울특별시 송파구 석촌호수로 93 (잠실동영동일고등학교)","002-430-6822","13","14","14","0","482","240","505","227","509","233","36.5","63","27","20","12","6","1","44",""
"서울시","관악구","영락고등학교","http://www.yrgo.kr","사립","일반고","공학","주간","151-917","서울특별시 관악구 청룡16길 25 (봉천동영락여자상업고등학교  영락고등학교)","02-884-1003","8","8","8","0","204","121","240","148","240","155","28.5","47","15","10","9","5","2","24",""
"서울시","노원구","영신여자고등학교","http://www.ys.hs.kr","사립","일반고","여자","주간","139-855","서울특별시 노원구 중계로16나길 13  영시여자고등학교 (중계동영신여자고등학교/영신여자실업고등학교)","02-930-8455","14","14","14","2","452","452","442","442","475","475","31.1","85","44","11","10","6","2","49",""
"서울시","강서구","영일고등학교","http://youngil.hs.kr","사립","일반고","남자","주간","157-836","서울특별시 강서구 등촌로51가길 26 (등촌동영일고등학교)","02-2653-8134","13","13","13","0","507","0","483","0","515","0","38.6","71","9","10","7","6","1","39",""
"서울시","송파구","영파여자고등학교","http://youngpa.hs.kr","사립","일반고","여자","주간","138-879","서울특별시 송파구 올림픽로 565  영파여자고등학교 (풍납동영파여자고등학교)","02-483-8881","14","15","16","0","420","420","473","473","529","529","31.6","85","41","4","4","6","4","45",""
"서울시","강북구","영훈고등학교","http://www.younghoon.hs.kr","사립","일반고","공학","주간","142-709","서울특별시 강북구 도봉로13가길 19 (미아동학교법인영훈학원)","02-988-0266","13","14","14","0","396","181","526","219","520","197","35.2","69","19","18","13","5","1","41",""
"서울시","은평구","예일여자고등학교","http://www.yale.hs.kr","사립","일반고","여자","주간","122-819","서울특별시 은평구 연서로 117  예일여자고등학교 (구산동)","02-380-0972","13","13","14","0","503","503","482","482","522","522","37.7","79","61","10","7","6","3","51",""
"서울시","구로구","오류고등학교","http://oryu.hs.kr","사립","일반고","여자","주간","152-883","서울특별시 구로구 오리로21길 2 (궁동구로여자정보산업고등학교)","02-2684-2300","8","8","8","0","230","230","287","287","305","305","34.3","46","20","5","5","5","2","24",""
"서울시","용산구","오산고등학교","http://www.osan.hs.kr","사립","일반고","남자","주간","140-823","서울특별시 용산구 보광로7길 17 (보광동오산고등학교)","02-799-9602","9","9","9","0","312","0","300","0","305","0","34","51","5","5","3","6","1","40",""
"서울시","성북구","용문고등학교","http://www.ymoon.hs.kr/","사립","일반고","남자","주간","136-072","서울특별시 성북구 인촌로17가길 46  용문고등학교 (안암동2가)","02-928-3871","13","13","8","0","464","0","490","0","97","0","30.9","75","12","4","2","5","1","36",""
"서울시","노원구","용화여자고등학교","http://www.yonghwa.hs.kr/","사립","일반고","여자","주간","139-827","서울특별시 노원구 동일로 1461 (상계동용화여자고등학교)","02-950-3522","14","14","14","0","537","537","506","506","507","507","36.9","67","30","24","19","5","0","42",""
"서울시","구로구","우신고등학교","http://wooshin.hs.kr","사립","자율고","남자","주간","152-883","서울특별시 구로구 부일로 917 (궁동우신고등학교)","02-2610-1544","8","8","7","0","225","0","238","0","204","0","29","56","9","3","2","6","2","31",""
"서울시","강남구","은광여자고등학교","http://www.eunkwang.hs.kr","사립","일반고","여자","주간","135-859","서울특별시 강남구 남부순환로359길 36  은광여자고등학교 (도곡동은광여자고등학교)","02-3462-2005","11","11","12","0","436","436","440","440","466","466","39.5","48","33","27","16","6","2","36",""
"서울시","중구","이화여자고등학교","http://www.ewha.hs.kr","사립","자율고","여자","주간","100-120","서울특별시 중구 정동길 26  이화여자고등학교 (정동심슨기념관)","02-752-3353","12","12","12","0","437","437","413","413","416","416","35.2","64","34","17","15","9","1","36",""
"서울시","서대문구","이화여자대학교사범대학부속이화금란고등학교","http://www.edaebugo.hs.kr","사립","자율고","공학","주간","120-160","서울특별시 서대문구 성산로 560 이화여자대학교사범대학부속이화.금란고등학교","02-361-6332","12","12","12","0","380","204","408","236","385","219","32.6","67","26","9","7","6","3","36",""
"서울시","중구","이화여자외국어고등학교","http://www.ewha-gfh.hs.kr","사립","특수목적고","여자","주간","100-130","서울특별시 중구 통일로4길 30 (순화동)","02-771-1691","6","6","6","0","160","160","170","170","180","180","28.3","35","16","4","4","7","2","18",""
"서울시","서대문구","인창고등학교","http://www.inchang.ne.kr/","사립","일반고","남자","주간","120-012","서울특별시 서대문구 경기대로 65 (충정로2가인창중?고등학교)","02-363-3393","9","10","10","0","266","0","304","0","348","0","31.7","59","9","1","0","6","2","29",""
"서울시","송파구","잠실여자고등학교","http://www.jamsilg.hs.kr","사립","일반고","여자","주간","138-854","서울특별시 송파구 송파대로38길 8 (송파동잠실여자고등학교)","02-2140-8100","14","14","15","0","426","426","489","489","565","565","34.4","76","19","12","6","6","0","43",""
"서울시","중구","장충고등학교","http://www.jangchung.hs.kr","사립","일반고","남자","주간","100-835","서울특별시 중구 동호로15길 93 (신당동)","02-2233-9990","7","7","7","0","155","0","225","0","243","0","29.7","39","4","7","2","5","2","21",""
"서울시","영등포구","장훈고등학교","http://www.janghoon.hs.kr","사립","자율고","남자","주간","150-840","서울특별시 영등포구 영등포로64길 26  장훈고등학교 (신길동장훈고등학교)","02-842-6921","11","11","8","0","363","0","358","0","260","0","32.7","56","12","3","3","6","2","36",""
"서울시","노원구","재현고등학교","http://www.jaehyun.hs.kr","사립","일반고","남자","주간","139-928","서울특별시 노원구 덕릉로82길 64  재현고등학교 (중계동재현중/고등학교)","02-932-4811","14","14","14","0","518","0","530","0","481","0","36.4","73","21","19","13","6","2","42",""
"서울시","송파구","정신여자고등학교","http://www.chungshin.hs.kr","사립","일반고","여자","주간","138-892","서울특별시 송파구 올림픽로4길 16 (잠실동정신여자고등학교)","02-423-2775","13","13","13","0","488","488","475","475","511","511","37.8","71","39","12","8","7","2","42",""
"서울시","도봉구","정의여자고등학교","http://jeongeui.hs.kr","사립","일반고","여자","주간","132-716","서울특별시 도봉구 노해로49길 69 (쌍문동정의여자고등학교)","02-992-5104","13","13","13","0","470","470","457","457","467","467","35.7","77","39","9","6","6","3","46",""
"서울시","강남구","중동고등학교","www.joongdong.hs.kr","사립","자율고","남자","주간","135-943","서울특별시 강남구 일원로 7번지","02-3411-0100","12","12","12","0","371","0","397","0","400","0","32.4","58","9","16","14","8","1","38",""
"서울시","강남구","중산고등학교","http://www.jungsan.hs.kr","사립","일반고","남자","주간","135-230","서울특별시 강남구 일원로14길 22 (일원동중산고등학교)","02-2226-2161","12","12","12","0","483","0","461","0","497","0","40","60","6","15","10","6","2","36",""
"서울시","종로구","중앙고등학교","http://www.choongang.hs.kr","사립","자율고","남자","주간","110-800","서울특별시 종로구 창덕궁길 164 (계동중앙고등학교)","02-742-1321","10","10","10","0","319","0","324","0","316","0","32","55","12","14","8","4","0","35",""
"서울시","강남구","중앙대학교사범대학부속고등학교","http://www.cau.hs.kr","사립","일반고","공학","주간","135-270","서울특별시 강남구 선릉로 207  (도곡동 108) (도곡동중대부속고교)","02-579-4092","13","13","13","0","507","280","448","243","489","205","37","72","19","14","10","6","2","39",""
"서울시","서대문구","중앙여자고등학교","http://www.중앙여고.kr","사립","일반고","여자","주간","120-819","서울특별시 서대문구 북아현로 11가길  7 (북아현동)","02-362-3061","9","10","10","0","268","268","362","362","324","324","32.9","51","20","12","7","6","0","29",""
"서울시","양천구","진명여자고등학교","http://www.jm.hs.kr","사립","일반고","여자","주간","158-050","서울특별시 양천구 목동로 170  진명여자고등학교","02-2643-1711","16","16","16","0","638","638","626","626","666","666","40.2","82","48","22","15","5","0","49",""
"서울시","강남구","진선여자고등학교","http://www.jinseon.hs.kr","사립","일반고","여자","주간","135-919","서울특별시 강남구 선릉로85길 27 (역삼동진선여자고등학교)","02-567-7839","12","12","12","0","490","490","484","484","477","477","40.3","61","27","15","11","6","1","36",""
"서울시","강북구","창문여자고등학교","http://www.changmun.hs.kr","사립","일반고","여자","주간","142-802","서울특별시 강북구 월계로 61 (미아동창문여자중고등학교)","02-986-1701","14","14","14","3","457","457","504","504","521","521","32.9","73","44","21","18","6","3","46",""
"서울시","노원구","청원고등학교","http://www.cheongwon.hs.kr","사립","일반고","남자","주간","139-822","서울특별시 노원구 한글비석로 506 (상계동청원초/중/고등학교)","02-3399-7706","16","17","18","0","609","0","652","0","648","0","37.4","94","31","16","7","6","1","51",""
"서울시","노원구","청원여자고등학교","http://www.cheongwon-gh.hs.kr","사립","일반고","여자","주간","139-822","서울특별시 노원구 한글비석로 506  청원여자고등학교 (상계동청원초/중/고등학교)","02-3399-7992","14","15","15","0","427","427","504","504","517","517","32.9","84","46","17","13","4","1","44",""
"서울시","은평구","충암고등학교","http://www.cham.hs.kr","사립","일반고","남자","주간","122-917","서울특별시 은평구 가좌로5길 5 (응암동)","02-309-0236","16","16","17","0","472","0","478","0","554","0","30.7","91","30","15","12","6","1","54",""
"서울시","종로구","풍문여자고등학교","http://www.pungmoon.hs.kr","사립","일반고","여자","주간","110-240","서울특별시 종로구 율곡로3길 4 (안국동풍문여자고등학교)","02-732-2937","10","11","11","0","342","342","383","383","382","382","34.6","60","34","9","4","6","3","37",""
"서울시","은평구","하나고등학교","http://www.hana.hs.kr","사립","자율고","공학","주간","122-200","서울특별시 은평구 연서로 535 (진관동하나고등학교)","02-6913-1111","8","8","8","0","210","111","204","100","205","107","25.8","33","11","15","11","4","2","30",""
"서울시","양천구","한가람고등학교","http://www.hangaram.hs.kr","사립","자율고","공학","주간","158-879","서울특별시 양천구 목동서로 15  한가람고등학교 (목동한가람고등학교)","02-2642-3862","8","8","8","0","290","160","274","156","275","156","35","42","22","7","6","4","1","25",""
"서울시","강서구","한광고등학교","www.hankwang.hs.kr","사립","일반고","공학","주간","157-894","서울특별시 강서구 등촌로13길 110  한광고등학교 (화곡동한광고등학교)","070-7458-1003","7","7","6","0","202","61","196","68","176","44","28.7","36","7","8","4","4","2","20",""
"서울시","노원구","한국삼육고등학교","http://www.sahmyook.hs.kr","사립","일반고","공학","주간","139-800","서울특별시 노원구 화랑로 815 (공릉동한국삼육고등학교)","02-6395-3636","6","6","6","0","210","108","208","115","203","99","34.5","39","20","9","7","5","2","25",""
"서울시","강서구","한서고등학교","http://www.hanseo.hs.kr","사립","일반고","공학","주간","157-849","서울 강서구 양천로11길 47 (방화동한서고등학교)","02-2662-0021","10","10","10","0","285","150","310","165","317","157","30.4","52","20","15","11","5","2","33",""
"서울시","서대문구","한성고등학교","http://www.hanseong.hs.kr","사립","일반고","남자","주간","120-821","서울특별시 서대문구 북아현로3길 24 (북아현동한성중?고등학교)","02-363-4943","11","12","12","0","323","0","341","0","371","0","29.6","69","1","2","1","6","1","36",""
"서울시","성북구","한성여자고등학교","http://www.hansung-g.hs.kr","사립","일반고","여자","주간","136-042","서울특별시 성북구 삼선교로16길 117 (삼선동2가한성여자고등학교)","02-742-2845","11","11","11","0","328","328","318","318","343","343","30","55","31","20","16","6","2","33",""
"서울시","성동구","한양대학교사범대학부속고등학교","http://www.hanyang-u.hs.kr","사립","자율고","공학","주간","133-817","서울특별시 성동구 마조로 42  한양대학교사범대학부속고등학교 (사근동)","02-2200-3505","12","12","12","0","423","339","423","285","403","303","34.7","67","37","10","8","10","4","36",""
"서울시","강동구","한영고등학교","http://hanyoung.hs.kr","사립","일반고","공학","주간","134-710","서울특별시 강동구 동남로 832 (상일동한영고등학교)","02-428-1588","16","16","17","0","571","225","561","188","591","199","35.2","85","20","17","10","6","2","53",""
"서울시","강동구","한영외국어고등학교","http://www.hyfl.hs.kr","사립","특수목적고","공학","주간","134-710","서울특별시 강동구 동남로 832  한영외국어고등학교 (상일동한영중 고등학교)","02-426-2098","10","12","12","0","266","201","347","254","372","249","29","54","17","13","12","6","3","36",""
"서울시","동대문구","해성여자고등학교","http://www.haeseong-g.hs.kr","사립","일반고","여자","주간","130-850","서울특별시 동대문구 전농로20길 31 (전농동해성여자고등학교)","070-8786-1313","9","9","9","2","287","287","306","306","311","311","31.2","45","21","17","13","6","1","37",""
"서울시","강남구","현대고등학교","http://hyundai.hs.kr","사립","자율고","공학","주간","135-899","서울특별시 강남구 압구정로 127 (압구정동현대고등학교)","02-546-6323","12","13","13","0","400","218","437","250","429","238","33.3","65","13","11","9","6","3","39",""
"서울시","노원구","혜성여자고등학교","http://www.hyesung.hs.kr","사립","일반고","여자","주간","139-230","서울특별시 노원구 노원로16길 2 (하계동혜성여자고등학교)","02-972-4040","14","14","14","0","450","450","454","454","493","493","33.3","74","34","14","12","5","2","42",""
"서울시","중랑구","혜원여자고등학교","http://www.hyewon.hs.kr","사립","일반고","여자","주간","131-807","서울특별시 중랑구 봉우재로58길 39 (망우동혜원여자중고등학교)","02-434-6969","11","12","12","0","320","320","374","374","398","398","31.2","74","34","4","3","6","3","35",""
"서울시","성북구","홍익대학교사범대학부속고등학교","http://www.hongik.hs.kr","사립","일반고","남자","주간","136-825","서울특별시 성북구 성북로 14가길 23 (성북동홍익대학교부속고등학교)","02-762-0827","8","8","8","0","201","0","244","0","311","0","31.5","47","15","6","3","5","2","29",""
"서울시","마포구","홍익대학교사범대학부속여자고등학교","http://www.hongik68.hs.kr","사립","일반고","여자","주간","121-847","서울특별시 마포구 성미산로 51 (성산동)","02-331-7307","9","9","9","0","341","341","344","344","374","374","39.2","51","32","9","7","5","2","27",""
"서울시","강서구","화곡고등학교","http://www.hwagok.hs.kr","사립","일반고","남자","주간","157-280","서울특별시 강서구 강서로45길 69 (내발산동화곡고등학교)","070-8277-2906","11","12","12","0","332","0","357","0","369","0","30.2","64","10","11","4","6","2","43",""
"서울시","중구","환일고등학교","http://hwanil.hs.kr","사립","일반고","남자","주간","100-372","서울특별시 중구 환일길 47  환일중고등학교 (만리동2가)","02-390-7203","11","12","12","0","370","0","389","0","393","0","32.9","71","41","2","1","4","2","35",""
"서울시","동대문구","휘경여자고등학교","http://hwikyung.hs.kr","사립","일반고","여자","주간","130-874","서울특별시 동대문구 한천로 247 (휘경동휘경여자고등학교)","02-2245-2307","12","12","12","0","386","386","412","412","384","384","32.8","67","31","10","7","7","2","46",""
"서울시","강남구","휘문고등학교","http://www.whimoon.hs.kr","사립","자율고","남자","주간","135-847","서울특별시 강남구 역삼로   541","070-7090-0206","13","14","14","0","428","0","446","0","457","0","32.5","69","6","16","12","7","1","44",""
"서울시","강서구","강서공업고등학교","http://gangseo-th.hs.kr","공립","특성화고(직업)","공학","주간","157-857","서울특별시 강서구 방화대로47길 9 (방화동강서공업고등학교)","02-2064-4804","8","8","8","0","208","43","197","40","216","36","25.9","57","25","6","5","10","2","24",""
"서울시","노원구","경기기계공업고등학교","http://www.ggmt.hs.kr","공립","특성화고(직업)","공학","주간","139-869","서울특별시 노원구 공릉로 264 (하계동경기기계공업고등학교)","070-7602-1608","17","17","17","3","441","15","408","5","413","10","23.4","139","28","8","7","16","4","54",""
"서울시","종로구","경기상업고등학교","http://www.ggc.hs.kr","공립","특성화고(직업)","공학","주간","110-030","서울특별시 종로구 자하문로 136","02-737-6490","10","10","10","0","257","82","228","88","222","109","23.6","60","34","9","7","7","5","30",""
"서울시","성동구","덕수고등학교","http://www.duksoo.hs.kr","공립","특성화고(직업)","공학","주간","133-862","서울특별시 성동구 왕십리로 199 (행당동덕수고등학교)","02-2292-5707","17","17","17","0","453","67","469","75","491","68","27.7","105","70","13","9","8","3","51",""
"서울시","동작구","서울공업고등학교","http://www.seoul-th.hs.kr","공립","특성화고(직업)","공학","주간","156-810","서울특별시 동작구 대방동1길 46 (대방동서울공업고등학교)","070-864-0333","18","18","18","3","479","60","454","55","512","76","25.4","135","44","21","14","16","4","58",""
"서울시","양천구","서울금융고등학교","http://www.seoulfc.hs.kr","공립","특성화고(직업)","공학","주간","158-823","서울특별시 양천구 가로공원로61길 19 (신월동서울금융고등학교)","02-2694-8834","10","10","10","3","267","128","255","132","232","125","22.8","62","37","9","6","6","2","33",""
"서울시","성북구","서울도시과학기술고등학교","http://www.sust.hs.kr","공립","특성화고(직업)","공학","주간","136-130","서울특별시 성북구 종암로 196 (하월곡동서울도시과학기술고등학교)","02-940-2682","10","10","10","1","264","37","236","39","233","35","23.6","69","16","12","9","13","3","43",""
"서울시","강남구","서울로봇고등학교","http://www.seoulrobot.hs.kr/","공립","특수목적고","공학","주간","135-230","서울특별시 강남구 광평로20길 63 (일원동서울로봇고등학교)","02-2226-5344","8","8","9","0","162","9","153","11","198","23","20.5","63","27","9","8","14","7","26",""
"서울시","도봉구","서울문화고등학교","http://www.seoulculture.hs.kr","공립","특성화고(직업)","공학","주간","132-854","서울특별시 도봉구 마들로 598 (방학동서울문화고등학교)","02-955-9100","10","10","10","3","269","132","248","124","245","108","23.1","62","42","7","4","6","1","3",""
"서울시","성동구","서울방송고등학교","http://www.seb.hs.kr","공립","특성화고(직업)","공학","주간","133-846","서울특별시 성동구 동호로5길 131 (옥수동서울방송고등학교)","02-2281-0091","7","7","7","0","183","87","170","95","170","86","24.9","46","30","17","9","11","4","21",""
"서울시","서초구","서울전자고등학교","http://e-seoul.hs.kr","공립","특성화고(직업)","공학","주간","137-853","서울특별시 서초구 과천대로 852-23 서울전자고등학교 (방배동서초전자공업고등학교)","070-8660-4905","8","8","8","0","208","18","183","14","183","20","23.9","60","31","7","6","11","5","24",""
"서울시","용산구","선린인터넷고등학교","http://www.sunrint.hs.kr","공립","특성화고(직업)","공학","주간","140-133","서울특별시 용산구 원효로97길 33-4 (청파동3가선린인터넷고등학교)","02-713-6213","12","12","12","0","312","75","291","71","282","70","24.6","76","53","12","12","6","2","41",""
"서울시","중구","성동공업고등학교","http://www.sdth.hs.kr","공립","특성화고(직업)","공학","주간","100-878","서울특별시 중구 다산로 290 성동공업고등학교","070-8685-7707","11","11","11","0","286","29","262","14","262","15","24.5","79","27","9","8","13","5","33",""
"서울시","중구","성동글로벌경영고등학교","http://www.sdglobal.hs.kr","공립","특성화고(직업)","여자","주간","100-889","서울특별시 중구 퇴계로 375 (신당동성동글로벌경영고등학교)","02-2252-9567","10","10","10","0","259","259","238","238","230","230","24.2","59","45","7","6","6","2","31",""
"서울시","성동구","성수공업고등학교","http://www.sungsu.hs.kr","공립","특성화고(직업)","공학","주간","133-827","서울특별시 성동구 뚝섬로 365  성수공업고등학교 (성수동2가성수공업고등학교)","02-3409-0944","9","9","9","0","233","7","205","1","189","5","23.2","63","15","8","6","11","3","35",""
"서울시","송파구","송파공업고등학교","http://www.songpa-th.hs.kr","공립","특성화고(직업)","공학","주간","138-816","서울특별시 송파구 양산로 21 (거여동송파공업고등학교)","02-6711-0506","8","8","8","3","221","28","201","25","191","25","22.7","62","31","8","4","13","4","27",""
"서울시","용산구","용산공업고등학교","http://www.yongsan-th.hs.kr","공립","특성화고(직업)","공학","주간","140-883","서울특별시 용산구 서빙고로 24 (한강로3가용산공업고등학교)","02-6905-7777","11","11","11","0","285","14","254","18","249","8","23.9","82","23","4","4","12","3","40",""
"서울시","영등포구","한강미디어고등학교","http://www.hangang-ech.hs.kr","공립","특성화고(직업)","공학","주간","150-867","서울특별시 영등포구 선유로55길 22 (양평동4가한강미디어고등학교)","02-2671-1448","8","8","8","0","212","142","186","122","184","115","24.3","54","30","14","11","9","2","24",""
"서울시","동대문구","휘경공업고등학교","www.hgt.hs.kr","공립","특성화고(직업)","공학","주간","130-874","서울특별시 동대문구 겸재로 21 (휘경동휘경공업고등학교)","02-2216-3643","12","12","12","0","305","17","260","11","264","10","23","83","30","21","12","14","2","36",""
"서울시","중구","경기여자상업고등학교","http://www.gggc.hs.kr","사립","특성화고(직업)","여자","주간","100-808","서울특별시 중구 만리재로37길 30 (만리동1가경기여자상업고등학교)","02-392-6666","5","5","5","0","130","130","120","120","123","123","24.9","20","11","14","12","5","3","15",""
"서울시","강서구","경복비즈니스고등학교","http://www.kbb.hs.kr","사립","특성화고(직업)","여자","주간","157-030","서울특별시 강서구 화곡로 379 (등촌동경복비즈니스고등학교)","070-7790-0994","9","9","9","0","235","235","220","220","221","221","25","50","27","12","9","7","2","27",""
"서울시","성북구","고명정보산업고등학교","http://www.komyung.hs.kr","사립","특성화고(직업)","공학","주간","136-890","서울특별시 성북구 북악산로 870 (돈암동고명정보산업고등학교)","02-928-2886","8","8","8","0","237","80","196","68","173","76","25.3","40","29","7","4","5","4","27",""
"서울시","관악구","광신정보산업고등학교","http://kwangshin-i.hs.kr","사립","특성화고(직업)","공학","주간","151-015","서울특별시 관악구 광신길  141","02-881-8500","6","6","6","0","179","86","166","68","170","82","28.6","31","10","11","10","5","0","18",""
"서울시","노원구","광운전자공업고등학교","http://www.kwangwoon.hs.kr/","사립","특성화고(직업)","남자","주간","139-875","서울특별시 노원구 광운로1길 24 (월계동광운중학교/전자공업고등학교)","02-918-7761","12","12","12","0","359","0","350","0","357","0","29.6","73","9","9","5","12","2","36",""
"서울시","강남구","단국공업고등학교","http://www.dankook.hs.kr","사립","특성화고(직업)","남자","주간","135-852","서울특별시 강남구 도곡로64길 21 (대치동단국공업고등학교)","02-566-2951","5","5","5","0","131","0","112","0","106","0","23.3","27","2","12","3","7","0","15",""
"서울시","중구","대경정보산업고등학교","http://www.daekyeong.hs.kr","사립","특성화고(직업)","공학","주간","100-826","서울특별시 중구 매봉18길 111  대경정보산업고등학교 (신당동)","02-2234-0798","8","8","8","0","208","104","219","110","228","124","27.3","47","11","11","7","5","1","19",""
"서울시","종로구","대동세무고등학교","http://daedong.kr","사립","특성화고(직업)","공학","주간","110-800","서울특별시 종로구 계동길 84-10 (계동대동세무고등학교)","02-763-1631","10","10","10","0","261","137","250","128","248","117","25.3","62","9","9","9","6","2","30",""
"서울시","성북구","대일관광고등학교","http://www.daeil-tour.hs.kr","사립","특성화고(직업)","여자","주간","136-857","서울특별시 성북구 서경로 118 (정릉동대일관광고등학교)","02-940-7373","8","8","8","0","207","207","197","197","218","218","25.9","46","7","7","6","5","2","26",""
"서울시","강남구","대진디자인고등학교","http://www.daejindesign.hs.kr","사립","특성화고(직업)","공학","주간","135-886","서울특별시 강남구 광평로39길 93 (수서동대진디자인고등학교)","02-2226-1147","9","9","9","0","233","127","209","135","209","115","24.1","62","20","9","7","10","2","27",""
"서울시","구로구","덕일전자공업고등학교","http://deogil.hs.kr","사립","특성화고(직업)","공학","주간","152-100","서울특별시 구로구 서해안로21길  5-12 (오류동)","02-2613-2762","4","4","4","0","119","13","117","7","104","10","28.3","22","2","2","1","5","2","12",""
"서울시","성북구","동구마케팅고등학교","http://donggoo.hs.kr","사립","특성화고(직업)","여자","주간","136-825","서울특별시 성북구 성북로8길 71 (성북동)","02-762-1349","10","10","10","0","260","260","241","241","244","244","24.8","55","35","13","11","6","1","30",""
"서울시","은평구","동명여자정보산업고등학교","http://www.dmgii.hs.kr","사립","특성화고(직업)","여자","주간","122-840","서울특별시 은평구 통일로 793  (대조동)","02-386-4044","5","5","3","0","150","150","149","149","88","88","29.8","26","20","6","5","5","1","13",""
"서울시","노원구","동산정보산업고등학교","http://www.seouldongsan.hs.kr","사립","특성화고(직업)","공학","주간","139-804","서울특별시 노원구 공릉로 257 (공릉동동산정보산업고등학교)","02-971-0903","16","18","18","0","482","376","525","464","503","437","29","97","52","16","12","7","1","52",""
"서울시","금천구","동일여자상업고등학교","http://www.dongil-cd.hs.kr","사립","특성화고(직업)","여자","주간","153-030","서울특별시 금천구 탑골로10길 45 (시흥동)","02-803-9805","12","12","12","0","312","312","343","343","338","338","27.6","67","49","12","8","6","3","36",""
"서울시","중구","리라아트고등학교","http://www.lila.hs.kr","사립","특성화고(직업)","공학","주간","100-250","서울특별시 중구 소파로2길 24 (예장동리라아트고등학교)","02-775-6546","6","6","6","0","156","75","179","80","177","81","28.4","34","9","11","6","9","1","18",""
"서울시","노원구","미래산업과학고등학교","http://www.mist.hs.kr","사립","특성화고(직업)","공학","주간","139-859","서울특별시 노원구 덕릉로82길 54 (중계동)","070-7600-9701","8","8","8","0","204","65","191","61","195","58","24.6","59","8","7","4","10","2","24",""
"서울시","관악구","미림여자정보과학고등학교","http://www.e-mirim.hs.kr","사립","특수목적고","여자","주간","151-897","서울특별시 관악구 호암로 546 (신림동미림여자고등학교)","02-872-4072","6","6","6","0","120","120","119","119","117","117","19.8","43","11","1","1","8","2","18",""
"서울시","강동구","상일미디어고등학교","http://www.sangilmedia.hs.kr","사립","특성화고(직업)","공학","주간","134-837","서울특별시 강동구 천호대로219길 61 (상일동상일미디어고등학교)","02-428-0733","10","10","10","0","265","110","245","130","292","156","26.7","65","18","7","2","7","2","30",""
"서울시","구로구","서서울생활과학고등학교","http://ssls.hs.kr","사립","특성화고(직업)","공학","주간","152-881","서울특별시 구로구 오리로 1355-10 (궁동서서울생활과학고등학교)","02-2613-5272","13","13","13","0","402","261","392","263","388","252","30.3","72","38","11","10","4","2","41",""
"서울시","관악구","서울관광고등학교","http://www.seoul-tour.hs.kr","사립","특성화고(직업)","공학","주간","151-826","서울특별시 관악구 은천로15길 25 (봉천동서울관광고등학교)","02-886-9165","10","10","10","0","266","191","241","172","243","154","25","58","32","10","8","6","2","33",""
"서울시","마포구","서울디자인고등학교","http://www.seodi.hs.kr","사립","특성화고(직업)","공학","주간","121-873","서울특별시 마포구 백범로 139 (염리동동도중 서울디자인고등학교)","02-716-8211","9","9","9","0","272","159","262","171","244","159","28.8","54","29","20","15","10","3","27",""
"서울시","용산구","서울디지텍고등학교","http://www.sdh.hs.kr","사립","특성화고(직업)","공학","주야간","140-857","서울특별시 용산구 회나무로12길 27 (이태원동서울디지텍고등학교)","02-798-3641","6","6","6","0","156","37","146","38","141","26","24.6","36","11","11","6","7","5","5",""
"서울시","노원구","서울아이티고등학교","http://www.seoulit.hs.kr","사립","특성화고(직업)","공학","주간","139-863","서울특별시 노원구 섬밭로 299 (중계동서울아이티고등학교)","070-7606-4812","10","10","10","0","261","50","248","67","233","38","24.7","68","15","5","4","12","3","30",""
"서울시","관악구","서울여자상업고등학교","http://www.sys.hs.kr","사립","특성화고(직업)","여자","주간","151-724","서울특별시 관악구 관악로 85 (봉천동서울여자상업고등학교)","02-873-3613","10","10","10","0","262","262","249","249","246","246","25.2","57","22","11","10","7","1","30",""
"서울시","양천구","서울영상고등학교","youngsang.hs.kr","사립","특성화고(직업)","공학","주간","158-860","서울특별시 양천구 목동로11길 46 (신정동서울영상고등학교)","070-4050-1943","6","6","6","0","158","104","147","99","146","83","25.1","36","15","7","4","5","1","18",""
"서울시","강동구","서울컨벤션고등학교","http://hyungang.hs.kr","사립","특성화고(직업)","공학","주간","134-803","서울특별시 강동구 동남로 964  서울컨벤션고등학교","02-3427-7400","10","10","10","0","301","145","275","140","244","127","27.3","54","26","12","10","6","3","30",""
"서울시","종로구","서일국제경영고등학교","http://www.seo-il.hs.kr","사립","특성화고(직업)","여자","주간","110-861","서울특별시 종로구 지봉로17길 49 (창신동서일국제경영고등학교)","02-763-6242","5","5","5","0","130","130","140","140","134","134","26.9","31","18","3","3","5","1","15",""
"서울시","은평구","선일이비즈니스고등학교","http://www.ebiz.hs.kr","사립","특성화고(직업)","여자","주간","122-802","서울특별시 은평구 갈현로29길 27 (갈현동)","02-352-8025","9","9","9","0","234","234","212","212","216","216","24.5","49","32","9","8","6","2","27",""
"서울시","은평구","선정관광고등학교","http://www.sjt.hs.kr","사립","특성화고(직업)","여자","주간","122-801","서울특별시 은평구 서오릉로22길 19  선정관광고등학교 (갈현동)","02-3156-1639","5","5","5","0","130","130","117","117","115","115","24.1","28","14","13","10","5","1","15",""
"서울시","강북구","성암국제무역고등학교","http://www.seongam.hs.kr","사립","특성화고(직업)","여자","주간","142-816","서울특별시 강북구 도봉로29길 52 (미아동성암국제무역고등학교)","02-2179-1717","8","8","8","0","207","207","192","192","185","185","24.3","43","24","11","9","5","0","24",""
"서울시","도봉구","세그루패션디자인고등학교","http://www.sfd.hs.kr","사립","특성화고(직업)","여자","주간","132-030","서울특별시 도봉구 시루봉로 53 (쌍문동동북초등학교)","02-993-0114","9","9","9","0","236","236","207","207","210","210","24.2","46","27","16","13","6","3","27",""
"서울시","은평구","세명컴퓨터고등학교","http://www.smc.hs.kr","사립","특성화고(직업)","공학","주간","122-867","서울특별시 은평구 통일로92가길  33","02-354-1321","8","8","8","0","208","20","198","33","192","41","24.9","51","10","13","8","9","2","27",""
"서울시","강서구","세민정보고등학교","http://www.semin.hs.kr","사립","특성화고(직업)","공학","주간","157-846","서울특별시 강서구 방화대로34길 13 (방화동세민정보산업고등학교)","02-2665-5900","12","13","13","0","310","145","355","170","351","196","26.7","77","30","6","4","6","1","39",""
"서울시","중랑구","송곡관광고등학교","http://www.sgi.hs.kr","사립","특성화고(직업)","여자","주간","131-230","서울특별시 중랑구 양원역로 67 (망우동송곡여자정보산업고등학교)","070-7124-3602","7","7","7","0","183","183","173","173","172","172","25.1","32","17","19","14","5","1","21",""
"서울시","강남구","수도전기공업고등학교","http://www.sudo.hs.kr","사립","특수목적고","공학","주간","135-800","서울특별시 강남구 개포로 410 (개포동수도전기공업고등학교)","070-4673-9907","10","10","10","0","200","34","194","35","197","24","19.7","71","16","10","6","13","4","30",""
"서울시","강서구","신정여자상업고등학교","http://www.shinjung.hs.kr","사립","특성화고(직업)","여자","주간","157-894","서울특별시 강서구 등촌로13아길 20 (화곡동신정여자상업고등학교)","02-2644-3543","10","10","10","0","257","257","236","236","264","264","25.2","67","37","1","1","6","2","30",""
"서울시","은평구","신진자동차고등학교","http://www.shinjin.hs.kr","사립","특성화고(직업)","공학","주간","122-910","서울특별시 은평구 은평로6길 16 (응암동학교법인신진학원)","02-355-9487","8","8","8","0","207","5","200","15","200","2","25.3","55","10","11","4","9","2","29",""
"서울시","노원구","염광여자메디텍고등학교","http://www.ykm.hs.kr","사립","특성화고(직업)","여자","주간","139-724","서울특별시 노원구 월계로45가길 9  염광여자메디텍고등학교 (월계동염광 중/고등/여자메디텍고등학교)","02-994-3105","7","8","8","3","185","185","216","216","209","209","23.5","41","16","17","15","10","5","27",""
"서울시","강서구","영등포공업고등학교","http://www.younggong.hs.kr","사립","특성화고(직업)","공학","주간","157-807","서울특별시 강서구 허준로5길 15 (가양동영등포공업고등학교)","02-2659-2984","8","9","9","0","208","0","254","21","196","7","25.3","48","8","18","8","10","2","26",""
"서울시","관악구","영락유헬스고등학교","http://youngnak-c.hs.kr","사립","특성화고(직업)","공학","주간","151-917","서울특별시 관악구 청룡16길 25 (봉천동영락유헬스고등학교)","02-884-1882","6","5","5","0","154","101","116","59","112","69","23.9","33","16","5","4","5","1","16",""
"서울시","노원구","영신간호비즈니스고등학교","http://www.youngshin.hs.kr","사립","특성화고(직업)","여자","주간","139-220","서울특별시 노원구 중계로16나길 13 (중계동영신여자고등학교/영신여자실업고등학교)","02-930-8453","9","9","9","0","233","233","206","206","221","221","24.4","51","28","12","12","6","2","27",""
"서울시","구로구","예림디자인고등학교","http://yerim.hs.kr","사립","특성화고(직업)","여자","주간","152-883","서울특별시 구로구 오리로21길 2 예림디자인고등학교","02-2688-3515","6","6","6","0","154","154","147","147","153","153","25.2","38","24","3","2","5","3","18",""
"서울시","은평구","예일디자인고등학교","http://www.yale-dh.hs.kr/","사립","특성화고(직업)","여자","주간","122-819","서울특별시 은평구 연서로 117 예일디자인고등학교","02-380-0855","8","8","8","0","213","213","201","201","190","190","25.2","44","31","9","8","5","3","24",""
"서울시","구로구","유한공업고등학교","http://www.yuhan.hs.kr","사립","특성화고(직업)","공학","주간","152-894","서울특별시 구로구 경인로 8 (항동)","02-2610-0993","8","8","8","0","206","30","198","21","192","15","24.8","52","3","10","7","10","3","24",""
"서울시","은평구","은평메디텍고등학교","http://eunpyeong.hs.kr","사립","특성화고(직업)","공학","주간","122-200","서울특별시 은평구 진관2로 57-57 (진관동은평메디텍고등학교)","070-4020-6801","8","8","8","0","206","85","191","91","197","109","24.8","56","6","8","7","10","3","26",""
"서울시","중랑구","이화여자대학교병설미디어고등학교","http://www.ewhamedia.hs.kr","사립","특성화고(직업)","여자","주간","131-802","서울특별시 중랑구 망우로73길 56 (망우동이화여대병설미디어고등학교  영란여중)","02-2209-0142","10","10","10","0","260","260","236","236","236","236","24.4","53","30","13","13","6","1","30",""
"서울시","노원구","인덕공업고등학교","http://www.induk.hs.kr","사립","특성화고(직업)","공학","주간","139-749","서울특별시 노원구 초안산로 12  인덕공업고등학교 (월계동인덕대학/인덕공업고등학교)","02-904-3805","10","10","10","0","263","29","244","25","231","33","24.6","59","12","16","8","11","1","30",""
"서울시","송파구","일신여자상업고등학교","http://www.ilshin.hs.kr","사립","특성화고(직업)","여자","주간","138-854","서울특별시 송파구 송파대로38길 8  일신여자상업고등학교 (송파동잠실여자고등학교)","02-2140-8222","16","16","16","0","418","418","394","394","383","383","24.9","80","20","22","16","6","2","48",""
"서울시","동대문구","정화여자상업고등학교","http://www.jeonghwa.hs.kr","사립","특성화고(직업)","여자","주간","130-862","서울특별시 동대문구 홍릉로15길 50  정화여자상업고등하교 (제기동정화여자중학교)","02-967-0178","7","7","7","0","174","174","170","170","165","165","24.2","38","26","10","5","5","2","35",""
"서울시","마포구","한세사이버보안고등학교","http://www.hansei.org","사립","특성화고(직업)","공학","주야간","121-862","서울특별시 마포구 아현동 457-30 (아현동)","02-362-0132","5","5","5","0","130","27","123","13","136","17","25.9","26","5","9","7","8","2","16",""
"서울시","중구","한양공업고등학교","http://www.hanyang.hs.kr","사립","특성화고(직업)","남자","주간","100-450","서울특별시 중구 을지로 299 (신당동)","02-2238-5181","13","13","13","0","339","0","312","0","312","0","24.7","85","7","15","6","13","1","43",""
"서울시","동대문구","해성국제컨벤션고등학교","http://www.haeseong.hs.kr","사립","특성화고(직업)","여자","주간","130-850","서울특별시 동대문구 전농로20길 31 (전농동해성국제컨벤션고등학교)","070-8786-1313","9","9","9","0","234","234","215","215","213","213","24.5","55","26","6","6","6","2","27",""
"서울시","마포구","홍익디자인고등학교","http://www.hid.hs.kr","사립","특성화고(직업)","여자","주간","121-866","서울특별시 마포구 성미산로 111  홍익디자인고등학교 (연남동경성중고등학교)","02-3140-1309","5","5","5","0","153","153","150","150","148","148","30.1","29","18","9","8","5","2","21",""
"서울시","강서구","화곡보건경영고등학교","http://www.hwagok-gii.hs.kr","사립","특성화고(직업)","여자","주간","157-834","서울특별시 강서구 강서로45길 70 (내발산동화곡보건경영고등학교)","070-8644-6509","8","8","8","0","209","209","195","195","191","191","24.8","48","21","8","8","5","1","24",""
"서울시","강서구","마포고등학교","http://www.mapo.hs.kr","사립","일반고","남자","주간","157-030","서울특별시 강서구 화곡로 403  마포고등학교 (등촌동마포고등학교)","02-3663-2582","11","12","12","0","367","0","406","0","440","0","34.7","66","9","10","6","7","1","40",""
"서울시","강서구","명덕고등학교","http://www.myungduk.hs.kr","사립","일반고","남자","주간","157-726","서울특별시 강서구 강서로47길 34-10 (내발산동명덕고등학교)","02-2664-8817","12","12","12","0","371","0","386","0","371","0","31.3","69","5","7","5","6","2","38",""
"서울시","강서구","명덕여자고등학교","http://www.mdgh.hs.kr","사립","일반고","여자","주간","157-726","서울특별시 강서구 강서로47길 34-10 (내발산동명덕여자고등학교)","02-2664-8815","16","16","16","0","552","552","578","578","566","566","35.3","90","56","10","6","6","3","48",""
"서울시","강서구","명덕외국어고등학교","http://www.mdfh.or.kr","사립","특수목적고","공학","주간","157-726","서울특별시 강서구 강서로47길 34-10  명덕외국어고등학교 (내발산동명덕여자고등학교)","02-2665-8821","10","12","12","0","295","208","345","225","376","262","29.9","60","24","7","6","8","3","34",""
"서울시","서대문구","명지고등학교","http://www.myongjigo.net/","사립","일반고","공학","주간","120-100","서울특별시 서대문구 명지2길 56 (홍은동명지중?고등학교)","02-303-1540","16","16","18","3","556","334","581","325","693","399","34.5","94","35","17","11","8","2","53",""
"서울시","양천구","목동고등학교","http://mok.cschool.net/","사립","일반고","여자","주간","158-070","서울특별시 양천구 목동동로2길 68  목동고등학교 (신정동목동고등학교)","02-2652-1705","16","16","16","0","622","622","608","608","617","617","38.5","88","43","16","11","6","1","57",""